	mutants_containing_L194P	mutation_counts	rep1_freq	rep2_freq	rep1_enrichment	rep2_enrichment
599	A128T-I130V-K135T-T160K-D186G-N190D-S193F-L194P-D225G	9	0.00754353989469421	0.00513296672399024	30.0591665925772	20.4536204519977
670	A128T-I130V-K135T-T160K-D186G-N190D-S193F-L194P	8	0.0210231875253139	0.00807543172500376	47.9701572897787	18.4263080736381
834	D186G-N190D-S193F-L194P-D225G	5	0.00199979748886189	0.00115083075595195	8.64330462282568	4.97399404110186
882	A128T-I130V-K135T-T160K-D186G-N190D-S193F-L194P-P198S-D225G	10	0.0195676387201296	0.00270706780093243	57.2914511810246	7.92593551930711
